{
  "formato": "cerebro-dino-numpy-v1",
  "pontuacao": 2557,
  "quantidadeEntradas": 10,
  "quantidadeNeuroniosOcultos": 12,
  "quantidadeSaidas": 3,
  "pesosEntradaOculta": [
    [
      -0.8874383501649267,
      -1.477533993130241,
      0.31295779310750493,
      -0.46660924389274183,
      0.11500105355166784,
      -0.7527948763508991,
      -0.7279450127904635,
      -0.040345999647635994,
      1.4589770737769736,
      -0.46405315061153135,
      -0.4820265513040344,
      0.26277015707754503
    ],
    [
      0.18376664266580361,
      1.1614447094732256,
      -0.7375910035448502,
      -1.072113652502746,
      0.34341214771600415,
      -1.1564584968385048,
      0.8342625000466453,
      0.4537814536068343,
      2.1883114440891167,
      -1.0215970437302857,
      -1.2275803510361476,
      -0.3835954930960671
    ],
    [
      0.25060181745152255,
      1.3110273342353749,
      -0.3497151088515231,
      0.06461483406342232,
      -0.09090070168598999,
      -0.18804399181816187,
      1.2033766203605305,
      0.850262172311695,
      -0.028260513372639205,
      0.10304209899926678,
      -1.3032234011401032,
      0.13057077019502838
    ],
    [
      0.1812329291253883,
      0.15729397185098432,
      0.43808282838193396,
      0.6899010338217175,
      0.2956387082190236,
      -0.08093605416034355,
      0.6047664568801094,
      0.1395837881163666,
      -1.3680576289382103,
      -1.583461939941202,
      -0.9878676496969279,
      0.3374921642130019
    ],
    [
      -0.23176206035282368,
      0.5632304949890835,
      -0.2355115607808405,
      0.08728580763969966,
      0.7506186816467488,
      -0.7555517860281913,
      0.3816199347670579,
      0.6115735029761101,
      0.7934905988710924,
      -0.4607080354420051,
      0.023132269314731266,
      1.7699062007622666
    ],
    [
      -0.36495992287644163,
      -0.025238933958659504,
      -1.2922436158741142,
      -0.9641895617102385,
      -1.0442709819041818,
      1.220994464894245,
      -0.03696662678905867,
      1.2388073734514475,
      0.6918001040937378,
      0.6531683106916797,
      -0.28062015482343916,
      0.07554003310552036
    ],
    [
      0.4184193674174265,
      -0.2254294911058906,
      0.09676366460722163,
      0.015457134620693841,
      1.0034324080177204,
      -0.7313499798381329,
      -0.3200718760174795,
      0.10049423013788576,
      0.19403893898728103,
      0.06590865758594568,
      -0.9378218671133127,
      -1.2063902717335535
    ],
    [
      0.2492269552787698,
      -0.3424827268977596,
      0.19465364477219016,
      -2.129627693319953,
      -1.3222225833223913,
      -0.5543865502758847,
      -0.47430085290855845,
      -0.2827113246411911,
      -0.5295179700652103,
      0.7392924593578916,
      -0.18302454024806317,
      0.33151670931134297
    ],
    [
      -0.3184849934327304,
      0.13136293698161736,
      -0.21767750307718348,
      -0.5738599261056344,
      0.3840596329533395,
      -0.19829072771874492,
      -0.30425148525169704,
      -0.2699368376645408,
      -0.3044582830771649,
      1.1640985359709808,
      -0.7634924992525015,
      -0.7513964901419794
    ],
    [
      -0.41066114270762394,
      1.869015852911348,
      1.1828892117852503,
      -0.2694596752861778,
      0.8993316322353322,
      -0.702258711422735,
      -0.7259743930075839,
      0.9884154032184277,
      0.023382057630443764,
      1.9956163051480362,
      0.06214872429407608,
      0.5956526463645732
    ]
  ],
  "biasOculta": [
    0.2117416202842216,
    0.16947772505701014,
    0.027989828682271647,
    -0.21003457631561667,
    0.2383617833646137,
    0.32568120185119137,
    -0.31103957566330376,
    0.308750839971085,
    0.637024910252607,
    -0.07773441370073825,
    -0.042296757871672586,
    0.38497139159436666
  ],
  "pesosOcultaSaida": [
    [
      1.250644521969895,
      0.14335186391329086,
      -0.49387179200511044
    ],
    [
      -0.823717858026555,
      0.12385584968449531,
      -0.5985920428074647
    ],
    [
      -0.6262917517710291,
      0.7905896254459002,
      0.6869975663869896
    ],
    [
      0.5838857576418972,
      -0.1584531262201867,
      -0.5618443082348292
    ],
    [
      0.8734425604386751,
      0.3510995487711869,
      0.2670507407455906
    ],
    [
      0.07705640488406532,
      0.4983858083757496,
      0.4973745469442029
    ],
    [
      -0.3951780661833349,
      0.581398819445919,
      -0.5352440008998909
    ],
    [
      -0.20179221810393214,
      1.7603765950220724,
      -0.38316096151458984
    ],
    [
      1.341407676119921,
      -0.42625865421913617,
      -0.09299004887138358
    ],
    [
      0.049304124330287656,
      0.7382991887783128,
      0.031065686725934374
    ],
    [
      0.25519167124387104,
      -0.7755460935425105,
      0.7291885576061844
    ],
    [
      0.20778667031257947,
      0.05664410965828602,
      0.08176666835647613
    ]
  ],
  "biasSaida": [
    -0.41887313480579325,
    -0.3039401208025356,
    0.2646007841377199
  ],
  "ordemEntradas": [
    "distanciaObstaculo / 1100",
    "larguraObstaculo / 160",
    "alturaObstaculo / 120",
    "obstaculoY / 600",
    "velocidade / 12",
    "dinoY / 160",
    "velocidadeVerticalDino / 6",
    "noChao",
    "abaixado",
    "codigoTipoObstaculo"
  ]
}