{
  "formato": "cerebro-dino-numpy-v1",
  "pontuacao": 2953,
  "quantidadeEntradas": 10,
  "quantidadeNeuroniosOcultos": 12,
  "quantidadeSaidas": 3,
  "pesosEntradaOculta": [
    [
      2.3382986805786423,
      1.4039716374023254,
      -1.301234876022488,
      -0.10042719874750478,
      1.0863917832699697,
      -1.7992007405457635,
      0.13499281771728228,
      1.1707982381175732,
      -0.6495528409154827,
      1.0328011274935045,
      0.9399019176032586,
      1.868078812390607
    ],
    [
      0.39750374146213446,
      2.007084837274073,
      0.38008274528739805,
      -0.49832544038748167,
      -0.7350714129219607,
      0.3097941289649498,
      0.18932358567720697,
      -0.5174722862611854,
      -0.10407488044270224,
      3.468383685930565,
      -0.6906013431416554,
      -0.02840941997837232
    ],
    [
      -1.088798482700035,
      -0.9082020962875546,
      -0.028853696626285286,
      -0.30902675397237306,
      -1.3113888316694375,
      0.8984806051173321,
      1.7305446979077048,
      0.13925490395762954,
      -1.6126235658730368,
      0.999672865844867,
      0.6400386139582084,
      1.7275650190025784
    ],
    [
      0.2841829879696624,
      0.38418353514271286,
      1.8434654021374715,
      0.051545510297880626,
      -1.1825881858571021,
      0.9445009461495293,
      1.4081784737953575,
      -0.9185789627550256,
      0.5451726602404341,
      -0.4985658259921841,
      1.494589747539371,
      0.10532023329024331
    ],
    [
      0.7466385778123961,
      -0.3273253492632052,
      0.6715002755950898,
      0.9440929358559536,
      0.2928607337079814,
      2.5491614806954965,
      -0.7618957770874781,
      -0.7828356005892747,
      -0.2255204688192861,
      0.5532159524662418,
      -1.015982248269232,
      0.005378500421694632
    ],
    [
      0.20735518662488236,
      -0.4610232424950494,
      0.6987601113411582,
      -0.9987019704960891,
      0.2974875042375605,
      -0.16250060072464295,
      -0.3293865089289037,
      0.744153968264833,
      -1.0650150805787184,
      -0.8802894541031436,
      -1.0732889919832114,
      0.41508302505455547
    ],
    [
      -0.7601079839269385,
      -1.4315734285841302,
      -0.9870218318852937,
      2.338583269461965,
      1.4521665976931342,
      -0.31548603078006054,
      -0.43282945770819636,
      -1.641659236232236,
      -1.3200088646716783,
      0.7360177751274353,
      -0.7657316986967199,
      -0.5411910593521904
    ],
    [
      2.9967094309438194,
      1.7165283021386895,
      1.8133077856142392,
      0.3251235576492193,
      -2.320466804877822,
      0.9135785092475981,
      0.3311683604596945,
      -0.6816275272436289,
      1.592543689057958,
      0.30717369684363777,
      -0.3309023980173419,
      0.2225713660349388
    ],
    [
      1.312284050055515,
      -0.27393404439930147,
      -0.16552150280166572,
      -0.7976231580282438,
      -0.23871918089027538,
      -1.2031246733470864,
      1.0653466789753463,
      -0.33494533520657765,
      0.19546557469994646,
      -1.229984251522479,
      -0.07318754471354325,
      0.6477688238616823
    ],
    [
      -0.8382564426014301,
      -0.28640425192630276,
      0.4299375815468034,
      -0.2522519214868183,
      -0.7772484215317333,
      0.11216247976587909,
      1.3533969318794943,
      -0.16814923074790067,
      -0.6076700030434068,
      1.327063876418562,
      -0.010963249136046987,
      -2.174034855372133
    ]
  ],
  "biasOculta": [
    -0.33755094075324715,
    -0.3052914911095943,
    0.5802201041902834,
    -0.4912807192238341,
    -0.4382622918973912,
    0.757153654250747,
    -0.24963342151822127,
    0.8231784699632956,
    0.877123999979697,
    -0.33897123545078345,
    0.14313334509430795,
    -0.2447499049044089
  ],
  "pesosOcultaSaida": [
    [
      2.3000439592121995,
      0.9606018554421802,
      -1.4373894197863224
    ],
    [
      0.24721690951796138,
      -0.2089439758617097,
      -0.662668908103659
    ],
    [
      0.6759183395155797,
      0.10880004860564088,
      -0.4236857398817474
    ],
    [
      -0.18867488686977152,
      1.1057705960210151,
      -0.07177435981173891
    ],
    [
      -1.994687372430892,
      -0.8223305318110358,
      -0.23267272084650803
    ],
    [
      -0.925103064580015,
      1.2173218269628938,
      -2.9386625251067113
    ],
    [
      0.5348812175133801,
      -1.752473043562793,
      1.4128280510638218
    ],
    [
      0.28203450480916503,
      0.38815792248478037,
      -0.7349486772906954
    ],
    [
      0.25753385899659914,
      0.5248544950536692,
      -0.28413713426850473
    ],
    [
      0.05285233127068156,
      0.1452679300360033,
      -0.5124896879943269
    ],
    [
      -0.06758785770850285,
      -0.9908531790237467,
      -1.1707396166373392
    ],
    [
      0.33924659544702057,
      -1.325849915842584,
      0.12586721961162742
    ]
  ],
  "biasSaida": [
    -0.0390587859294631,
    0.5727028668866373,
    0.5259359958592091
  ],
  "ordemEntradas": [
    "distanciaObstaculo / 1100",
    "larguraObstaculo / 160",
    "alturaObstaculo / 120",
    "obstaculoY / 600",
    "velocidade / 12",
    "dinoY / 160",
    "velocidadeVerticalDino / 6",
    "noChao",
    "abaixado",
    "codigoTipoObstaculo"
  ]
}