{
    "formato":  "cerebro-dino-numpy-v1",
    "pontuacao":  2358,
    "quantidadeEntradas":  10,
    "quantidadeNeuroniosOcultos":  12,
    "quantidadeSaidas":  3,
    "pesosEntradaOculta":  [
                               [
                                   1.407463544130046,
                                   -4.006647658699757,
                                   2.552072887568202,
                                   -0.9469594081773068,
                                   -0.7374959370977803,
                                   1.2745499414603538,
                                   -1.1321491282066025,
                                   -1.5664324967428034,
                                   -4.078769928691907,
                                   0.8854993061783525,
                                   1.2112561193532152,
                                   -0.271852990380674
                               ],
                               [
                                   -0.7512060274111504,
                                   -0.7723942216987094,
                                   1.0651539084286785,
                                   1.1073489673099162,
                                   0.02651633503511082,
                                   -0.6256925188874742,
                                   3.1155254960393974,
                                   1.0717346248358561,
                                   1.4782613461430634,
                                   -0.5774616402035633,
                                   0.010743426118606597,
                                   3.4000795879993864
                               ],
                               [
                                   1.330746248985223,
                                   0.15980897532828853,
                                   -1.531396329434679,
                                   -2.260740217361896,
                                   -0.8333999492609306,
                                   1.4576374813856405,
                                   -0.2167620792823487,
                                   1.2037744711551206,
                                   0.08485645801300346,
                                   0.8424849518780057,
                                   2.122598604676754,
                                   -0.5615191691416874
                               ],
                               [
                                   0.9933656214672867,
                                   0.686913979745921,
                                   -0.20480369936306442,
                                   -1.5660293564543786,
                                   1.1051108016677127,
                                   0.8697766766720372,
                                   0.633965582845935,
                                   -0.661523944147496,
                                   -0.438804369543108,
                                   1.7915881473287905,
                                   -1.1801053747354002,
                                   0.3601785405846375
                               ],
                               [
                                   0.4874125180368646,
                                   1.1825705388198817,
                                   1.1320769790291458,
                                   0.10928478139017431,
                                   1.9310095532034317,
                                   1.0798735273739553,
                                   0.023607379564076374,
                                   -2.164437897026499,
                                   1.950506620112924,
                                   0.13611668921309672,
                                   -0.044870372560870564,
                                   -0.02399207228329825
                               ],
                               [
                                   0.03144915511880017,
                                   -0.7389460005070051,
                                   -0.062198812629311206,
                                   -0.2847321506921781,
                                   1.027158990329009,
                                   -0.3592276497640654,
                                   -2.3284196691357844,
                                   -0.6343643372200215,
                                   0.4158643614547026,
                                   -0.307287200437934,
                                   3.600821711254534,
                                   -2.7936958083799754
                               ],
                               [
                                   -1.2864983309325209,
                                   1.927807210407771,
                                   0.05584563693481093,
                                   -0.4134620930172408,
                                   -0.6714453186439134,
                                   -0.8399577092393069,
                                   -0.732015648146513,
                                   0.6647604681099479,
                                   -4.016888833060165,
                                   -0.19605676569195396,
                                   -0.1898108326296482,
                                   -2.429464935867721
                               ],
                               [
                                   0.574614587247791,
                                   0.07332214544127244,
                                   -0.5916623471893468,
                                   0.018045754652857293,
                                   0.5514621071919404,
                                   1.4161366749813982,
                                   -0.1715817830549739,
                                   -0.20464093829360766,
                                   0.48587389567335804,
                                   -0.18847709115835248,
                                   -0.22549362538439752,
                                   -0.045167131740893804
                               ],
                               [
                                   -2.4572026794464232,
                                   -0.20153801846203595,
                                   1.0179721299823996,
                                   -2.3525746304945634,
                                   0.781061638493485,
                                   2.6973947134408562,
                                   0.5778361999209896,
                                   0.15623370414027998,
                                   -1.5090424463844618,
                                   1.1532398166716478,
                                   0.9367864891424069,
                                   -0.7994082340158668
                               ],
                               [
                                   1.2315332813745885,
                                   0.683546060788488,
                                   0.1228936085330905,
                                   2.1454163188146236,
                                   -0.6722753044403926,
                                   0.011863738591632117,
                                   -0.5004778573156156,
                                   0.28989997540674467,
                                   0.4412639590531978,
                                   -0.4258997027822649,
                                   -0.9064266994826478,
                                   -0.0037468404005932543
                               ]
                           ],